0.000000000000000000e+00,-1.301956872454003711e-01,5.708123936878938681e-02,2.084742574386300173e-02,1.308114932177530665e-01,3.066508434061124833e-01,1.216140551997157565e-01,-4.232653707155780154e-01,-7.933688107471050799e-01,-3.043525798023458684e-01,1.481662113883041101e-02,-2.283726246418343042e-01,-1.171792718330551819e-01
0.000000000000000000e+00,-6.687145240666443613e-02,3.179255088939039048e-02,3.450841786653547488e-02,1.451221107895011853e-01,1.947558229598802260e-01,1.378650651007083394e-01,-3.977118968436999524e-01,-3.991519330966895041e-01,-3.508878084086836657e-01,2.320629131713448576e-02,-2.301108146347177197e-01,1.623948657092760539e-01
0.000000000000000000e+00,4.829002140401363920e-03,2.207215093006178672e-02,4.387011131638003658e-02,1.693480597003045873e-01,1.324140368857598671e-01,1.442078174382906142e-01,-3.447075549157579966e-01,-6.439336428752570063e-01,-3.660625352774620755e-01,4.070629816679594698e-02,-2.404671143109010645e-01,4.754799238708516951e-01
0.000000000000000000e+00,7.459487787391493041e-02,-4.540283349634195720e-03,5.075631814272422992e-02,1.221270055944294469e-01,1.527252821030915808e-01,6.283349458138576260e-02,-3.733923555046164133e-01,-8.990675573590296565e-01,-3.252812003609731328e-01,-3.175893182176708907e-02,-2.423504485942614972e-01,5.011101843493439567e-01
0.000000000000000000e+00,1.212305246572765449e-01,-6.814194127122977056e-03,4.324912493603625535e-02,8.951396951239948274e-02,1.839051090978278402e-01,5.848437802434779814e-02,-3.583719209551128326e-01,-1.003636644597361238e+00,-3.270941037351404734e-01,-7.781009932061708212e-02,-2.494273622796957246e-01,5.162157823237716325e-01
0.000000000000000000e+00,1.745594680458601722e-01,-1.609403712513616386e-02,5.924877062015423967e-02,1.040270116679227197e-01,2.147452902811585740e-01,4.844990644091051735e-02,-3.402244392988533206e-01,-1.047366068592222366e+00,-3.455691939710059946e-01,-1.004980964815833655e-01,-2.522338261868411480e-01,4.754797259367968820e-01
0.000000000000000000e+00,2.571360582098208281e-01,-2.172070651104679451e-02,5.255138478939501423e-02,8.117494112730043454e-02,2.457517483106540501e-01,4.395800895523795104e-02,-3.316981510051195126e-01,-1.080546380944012119e+00,-3.372587737559172849e-01,-6.959944707112905582e-02,-2.567431580702408400e-01,4.561444622355265710e-01
0.000000000000000000e+00,3.110278324414335605e-01,-2.667664355806711324e-02,3.774761138271020416e-02,3.463982550146805367e-02,2.856019695503971834e-01,4.646578336340301263e-02,-3.266558842146268793e-01,-1.108818019920440934e+00,-3.203317615859087031e-01,-3.963371646754458577e-02,-2.718095863005443591e-01,4.381799067332325381e-01
0.000000000000000000e+00,3.588198551080347687e-01,-3.108550723352212011e-02,2.837678582859955861e-02,2.594162841188930521e-02,3.190986177570085403e-01,6.556400004918030988e-02,-3.003421922999680027e-01,-1.121769127962397805e+00,-3.186111335840698389e-01,-9.023208037389521610e-03,-2.801733002211573842e-01,4.157143196143428532e-01
0.000000000000000000e+00,3.719504113470827877e-01,-2.718855966203511526e-02,2.956574665375812094e-02,-1.207271098192893482e-03,3.328214307686578888e-01,8.162210734021682623e-02,-2.814639360418531577e-01,-1.131127897912102886e+00,-3.380554330869399160e-01,1.900999038794617697e-03,-2.818841159296676668e-01,4.115850073160636224e-01
0.000000000000000000e+00,3.682141655454793661e-01,-3.276524455023235166e-02,1.259776282411908220e-02,-1.194987007600466743e-02,3.344324278896295133e-01,1.119415653561692814e-01,-2.738344878304603269e-01,-1.129104310548594281e+00,-3.620512929231944899e-01,-1.296639075966349655e-02,-2.803562681196016815e-01,4.258060115725991190e-01
0.000000000000000000e+00,3.644849599497617665e-01,-3.398386995305609226e-02,1.466733090227783504e-02,-2.290592277678349387e-02,3.269435312453028986e-01,1.378883506961839922e-01,-2.663445195393646103e-01,-1.123315123990407338e+00,-3.707409167744956657e-01,-3.023371545164474372e-02,-2.724930081009545590e-01,4.458384571381573402e-01
0.000000000000000000e+00,3.586562210309993115e-01,-2.688770445868950143e-02,-4.399460218495968716e-03,-1.511038822060654062e-02,3.538220177873471761e-01,1.423363987559503607e-01,-2.621660759269984764e-01,-1.110472928315974661e+00,-3.651806826246279392e-01,-4.118108878083077268e-02,-2.653904334298890499e-01,4.208028815276583234e-01
0.000000000000000000e+00,3.686708262025334415e-01,-2.337578555433661442e-02,-8.168589453718099955e-03,-1.646412019814701838e-02,4.759225643013180740e-01,1.138699732624987304e-01,-2.604012881573721239e-01,-1.099643768711624281e+00,-3.583812435719063161e-01,-2.067742391565342147e-02,-2.631705312273184272e-01,4.574618544627404582e-01
0.000000000000000000e+00,3.740490490893065290e-01,-2.324588410730163771e-02,2.950375641795828507e-02,-3.221797852145780183e-02,6.054496657616932342e-01,7.936083159351835226e-02,-2.631112354817319865e-01,-1.059307488388557816e+00,-3.271921687364349185e-01,3.121437597569168970e-03,-2.713980185670176182e-01,3.963782115605037903e-01
0.000000000000000000e+00,4.035301141593468088e-01,-1.116098348964022179e-02,7.850581092405792272e-02,-6.053425717303669712e-02,7.006497029823312017e-01,4.427836585807985031e-02,-2.425113889829062230e-01,-9.756260985434149768e-01,-2.783831291693500409e-01,3.372175954249517077e-02,-2.582951143443639186e-01,3.576787263760345947e-01
0.000000000000000000e+00,4.506047811979645434e-01,-3.160201119051526952e-02,1.058438537615364328e-01,-4.388263106923689927e-02,7.477856906304891638e-01,2.148011921351241499e-02,-2.521475459815541997e-01,-8.695889321766144819e-01,-1.884478668371529497e-01,5.516319925543678587e-02,-2.442589367764345654e-01,2.749921800780319447e-01
0.000000000000000000e+00,4.734134131472521045e-01,-4.414340395673161527e-02,1.039860534359431932e-01,-3.783308534932672967e-02,7.380730692677657245e-01,-9.085538168859546779e-03,-2.510425194225558987e-01,-7.079586972603851835e-01,-1.008268272276979238e-01,4.998758001930936334e-02,-2.471799165302982215e-01,1.689367836140914791e-01
0.000000000000000000e+00,4.740312414843780298e-01,-4.332511690320785258e-02,3.621103135129648265e-02,7.726987189790134047e-02,7.759614604488231926e-01,-1.785558458096539111e-02,-2.272356341318272355e-01,-5.413070361614674697e-01,-2.771966040509846619e-03,2.084696748534520250e-02,-2.473929278510332563e-01,4.063650538439447235e-01
0.000000000000000000e+00,4.622234234385348972e-01,-4.736009544761207724e-02,-4.803812951890265581e-03,2.019633189458080458e-01,7.804756069807535779e-01,-2.747138938057380741e-02,-2.305961013085611466e-01,-5.142817235196184278e-01,8.979438915232315632e-02,-2.318061593233853093e-02,-2.342750080129066825e-01,4.293411553989363583e-01
0.000000000000000000e+00,4.602754190899351339e-01,-4.675857708976391414e-02,-3.552118594146057989e-02,2.427515602102859882e-01,7.458976556831290461e-01,-2.339736131641550337e-02,-2.471482240437784250e-01,-4.477631355760151588e-01,2.064095703888841893e-01,-5.686830248669338256e-02,-2.240413396006981916e-01,3.936031643242950406e-01
0.000000000000000000e+00,4.338884685837683941e-01,-4.349761750402228455e-02,-5.421030953747816433e-02,2.165777315545987791e-01,6.711117588165990133e-01,1.918709046398874105e-03,-2.812170445577653610e-01,-4.451591074009191296e-01,2.781292842829662382e-01,-7.339985252294026208e-02,-2.153617466885498766e-01,4.803639752109114536e-01
0.000000000000000000e+00,4.215076203474135697e-01,-2.665739667117190959e-02,-1.076650505070930047e-02,1.784256267288298892e-01,5.830274473775963751e-01,2.714373027754335768e-02,-3.215307688468956315e-01,-4.275988918433796804e-01,2.743412600077208552e-01,-8.152175020779922621e-02,-2.146519070564382181e-01,4.906738125624661162e-01
0.000000000000000000e+00,4.075502693114193553e-01,-1.380955475824347141e-02,2.509900375669062503e-02,1.062049850333907502e-01,4.999523246692886280e-01,1.280925158698649957e-03,-3.593232599032250008e-01,-4.197666370791744428e-01,4.318893262795707733e-01,-1.056698815826867949e-01,-2.156348056226067844e-01,5.066874731802012422e-01
0.000000000000000000e+00,3.912626697943258902e-01,-8.796176840670100541e-03,3.119262083145054112e-02,6.880942911862646116e-02,4.061134426829051680e-01,-1.778168184453791240e-02,-4.132788532233212520e-01,-3.962008807790808884e-01,6.478725007929088120e-01,-1.054547759322297384e-01,-2.158264527720011317e-01,5.071865953573393426e-01
0.000000000000000000e+00,3.922621323126538884e-01,-3.375235850239618161e-03,4.949600876927078702e-02,5.466058868988375036e-02,3.183613535817594875e-01,8.804297442608795959e-03,-3.805388751881077503e-01,-4.167337077100281562e-01,7.731615369530160375e-01,-1.860033776199834232e-01,-2.203568920594974057e-01,5.002122320727838689e-01
0.000000000000000000e+00,3.792899572174429634e-01,-2.673231175214317752e-03,6.005961081537163765e-02,5.077339996762157692e-02,2.857850344433846002e-01,-3.936707997990502965e-03,-3.389230808874891254e-01,-4.718789741867273624e-01,8.168017598074599483e-01,-3.108217834304999316e-01,-2.357893790877266804e-01,4.378517728083740068e-01
0.000000000000000000e+00,3.805120996872479178e-01,-4.374336796869379013e-03,2.732865657077480914e-02,8.168402677302602499e-02,3.095209985108833828e-01,-3.206305660794099566e-02,-3.070141833554154154e-01,-4.535667744629264808e-01,7.904731345948105004e-01,-3.983418579783066238e-01,-2.430149512018484337e-01,4.381921675066436372e-01
0.000000000000000000e+00,3.796995415865450640e-01,-6.738447752449086385e-03,-8.914958978555327651e-03,1.401106431101352967e-01,3.182389628967358663e-01,-7.603833189127502667e-02,-2.820961051150801535e-01,-4.647633910656919221e-01,7.187842234655870133e-01,-4.781554432548261735e-01,-2.316200202051705292e-01,4.309665095862428852e-01
0.000000000000000000e+00,3.790037925883668612e-01,-9.930527379305565880e-03,-4.183365656550862288e-02,2.110390107843570229e-01,3.183889609636681439e-01,-9.489047270406249235e-02,-2.473101185534600233e-01,-5.493568014439618175e-01,6.686722483159633912e-01,-4.851605475997881056e-01,-2.461592723116350911e-01,4.339476062126333411e-01
0.000000000000000000e+00,3.759593767768140138e-01,1.546736630818145494e-03,-8.652732314342650999e-02,2.757576437099441002e-01,3.284116261645106949e-01,-1.107538056732269710e-01,-2.315516213821048053e-01,-6.768357205482788963e-01,6.188601017094819134e-01,-4.687232450087655544e-01,-2.543921106863917259e-01,4.154990174522556479e-01
0.000000000000000000e+00,3.576528806486975465e-01,4.854348356610643442e-03,-1.165806439065354277e-01,3.196235150079184129e-01,3.261409901547711043e-01,-9.089319473798881943e-02,-2.008021506493048447e-01,-7.499976360491419358e-01,5.541646770383310550e-01,-4.156832051628342461e-01,-2.488235876435325455e-01,4.287821634317648956e-01
0.000000000000000000e+00,3.725459852541263550e-01,-5.073602533451427102e-03,-1.147853665781723848e-01,3.142960381906540479e-01,3.399817102960949744e-01,-4.473524069017477400e-02,-1.607492379640542701e-01,-7.720858956124959649e-01,4.973719133112863289e-01,-3.211422844806731125e-01,-2.110898361752084340e-01,2.507369102139025974e-01
0.000000000000000000e+00,3.613801152189946020e-01,3.401846290681263384e-03,-6.965676664727946110e-02,3.705272630503488873e-01,3.248794648415931352e-01,-2.367084875851237225e-02,-4.896402419568623293e-02,-7.499342389895404803e-01,4.584925212733980682e-01,-3.029694117052960656e-01,-1.806042270191762222e-01,-1.996381810579746230e-01
0.000000000000000000e+00,3.560730966117872098e-01,-6.029558581673130635e-03,-7.982734536945197690e-02,3.123071738841506351e-01,3.337678145313708877e-01,-1.474813719167113873e-02,-4.106575229811155331e-02,-4.889464377306443899e-01,4.303480311768396738e-01,-2.524830428452811693e-01,-1.579062602659861148e-01,-4.271752036136736708e-01
0.000000000000000000e+00,3.478957014752814825e-01,1.251468067329620983e-03,-6.890785944500375793e-02,3.102641859977282590e-01,3.462643557043624254e-01,-2.717646035455281023e-02,-4.596349045193844768e-02,-2.617320283029641037e-01,3.876788054843130493e-01,-2.053848518277741064e-01,-1.232342806903829607e-01,-1.772878321984676653e-01
0.000000000000000000e+00,3.530033702440922849e-01,2.564195246060384323e-03,-6.679030708380195858e-02,3.207244099017727001e-01,3.304113950749887896e-01,-5.272459287816600587e-02,-6.695792789973102621e-02,-1.387764722379144222e-01,3.571130358864130772e-01,-1.952337753962188061e-01,-1.239461562150639545e-01,3.685561621155598877e-02
0.000000000000000000e+00,3.464801610499394502e-01,7.996090423398719699e-03,-5.034488280411888311e-02,3.319478590720212896e-01,3.220044141327980114e-01,-4.172776021510704592e-02,-8.617650993524557379e-02,1.704510052589883889e-02,3.670985018658609600e-01,-2.055359450868559090e-01,-1.478259313655884977e-01,3.070279829123546134e-01
0.000000000000000000e+00,3.446024647750131620e-01,-4.969562150748214543e-03,-5.452922133073532379e-02,3.427293187925442020e-01,2.897292629875282133e-01,-8.332896079479043538e-02,-1.685036532970038137e-01,1.700344331854368174e-01,1.939512793853910011e-01,-1.600086628789028631e-01,-1.974241904459883845e-01,6.485979152383107849e-01
0.000000000000000000e+00,3.385395598490996139e-01,-1.421989221951703436e-02,-5.569237225866401769e-02,3.424847406515316162e-01,2.405299745780927201e-01,-5.721581692822209908e-02,-1.939497036634820204e-01,4.235551730094609391e-01,2.270136775753603398e-02,-9.387370301222099089e-02,-2.178433392144634717e-01,6.691166259852183718e-01
0.000000000000000000e+00,3.434925159091503644e-01,-1.503867385998407767e-02,-6.415107279141771257e-02,3.517222633169879153e-01,2.062585912306034441e-01,-3.116256434350423224e-02,-2.190922830439772928e-01,3.702117092771349260e-01,-7.234973265903014983e-02,-6.243707328648982757e-02,-2.328379777774666759e-01,4.801870436604500081e-01
0.000000000000000000e+00,3.435072306824873967e-01,-1.344536720082205143e-02,-6.661437535528294540e-02,3.502565346407279234e-01,1.724195281480153941e-01,1.962842449298638631e-02,-2.312140452743250696e-01,3.340639029289348416e-01,-7.038042119510443118e-02,-6.067401317339959216e-02,-2.145533954910730512e-01,4.839579467531917034e-01
0.000000000000000000e+00,3.435101631688077806e-01,-1.767365100553026230e-02,-8.443194798056659345e-02,3.393936011262981278e-01,1.515821963119680926e-01,1.462447556337037602e-02,-2.284459984181661518e-01,1.541802886345891299e-01,-3.582921947473673152e-02,-9.325584251036875272e-02,-2.064640296080921811e-01,2.058725646395864195e-01
0.000000000000000000e+00,3.488358902591577326e-01,-2.606326260982740409e-02,-7.261700602821649642e-02,3.402037082426959125e-01,1.664941678147381365e-01,2.999166535614607512e-02,-1.924018226550271715e-01,3.145032029021716663e-02,-4.420253488798769198e-02,-1.079716425473679076e-01,-2.714029775702038183e-01,1.151967564534207983e-01
0.000000000000000000e+00,3.599642489289164859e-01,-1.784074540035713100e-02,-8.922093152226034940e-02,3.288199784461794395e-01,2.145056542664511290e-01,4.509537944530649101e-02,-1.232937837076307497e-01,-1.103985933225851979e-01,-1.036353529378153393e-01,-1.080833218180371619e-01,-3.439332169133060835e-01,9.589415242411378215e-02
0.000000000000000000e+00,3.635414823103864101e-01,-1.901337477536342233e-02,-9.605534882885746750e-02,3.278065507822879310e-01,2.922755214613654284e-01,3.916057867383383045e-02,-1.273592834484452152e-01,-2.615357259903538512e-01,-9.854190921630906486e-02,-4.074393053804130360e-02,-4.152646706006392074e-01,1.162016539741735494e-01
0.000000000000000000e+00,3.822191968091941394e-01,-1.931441112741506816e-02,-9.852809392799179167e-02,3.450571505015841423e-01,3.880567795151089738e-01,5.632006108742466932e-02,-1.418986050329854587e-01,-6.044503234598631591e-01,-7.891513299607393062e-02,-6.949543958809317745e-02,-4.486379754871771541e-01,6.135173519746490306e-02
0.000000000000000000e+00,3.951774875373383344e-01,-2.894359020988221398e-02,-1.006215463702867519e-01,3.460521113456382358e-01,4.021379646922214612e-01,8.937389971331460847e-02,-1.189930212896007367e-01,-6.391064655694265184e-01,-7.478534636863451435e-02,-1.056920250462651534e-01,-2.366543982295897797e-01,4.092211045881677944e-01
0.000000000000000000e+00,4.382071883373307442e-01,-4.509524217139873614e-02,-1.073428159067746079e-01,3.387648031624267975e-01,4.169697267963812792e-01,1.104158403907480324e-01,-1.330378714792931905e-01,-5.736782095313494034e-01,-1.964971892234982642e-01,-4.132864142445628192e-02,-2.294440644496032466e-01,9.389127879362131335e-01
0.000000000000000000e+00,5.090624557447523957e-01,-6.364638371832222197e-02,-1.039055259759083527e-01,3.341123489098132837e-01,4.813349932108227924e-01,1.205664521949062901e-01,-9.089675527708869496e-02,-4.645179576661986887e-01,-2.524661193700958872e-01,-1.149472529446931082e-02,-2.256785797919753922e-01,7.343688868498834399e-01
0.000000000000000000e+00,5.725844362540574162e-01,-7.938485354531374383e-02,-9.782448809066858486e-02,3.435183168566273704e-01,5.457347811972913521e-01,8.181166854322267923e-02,-6.487939979333394447e-02,-3.596039453834353750e-01,-2.368911063478855161e-01,-5.213016778022890041e-03,-2.156987452337017219e-01,6.308944752118300636e-01
0.000000000000000000e+00,6.397519116415969487e-01,-1.015425372176453067e-01,-1.127718575497506093e-01,3.363358367814254790e-01,6.118432005045868483e-01,3.594908645824923532e-02,-4.037402560032441606e-02,-3.251839413457519035e-01,-2.030689521965691746e-01,-2.704057582648267122e-02,-1.561755536334985539e-01,5.721602669403108576e-01
0.000000000000000000e+00,7.123364238861764619e-01,-1.307706560949925267e-01,-1.268492172619717362e-01,3.393403602659981755e-01,6.683155836839503872e-01,-5.508047167803004854e-04,-5.137087990014331529e-02,-2.786057209474389618e-01,-1.920482910530067200e-01,-3.808655946065130776e-02,-1.545379002105333188e-01,4.408248220379562543e-01
0.000000000000000000e+00,7.609327437985516918e-01,-1.554955493284822521e-01,-1.041631560149931246e-01,3.272888636959384590e-01,7.000383079086823779e-01,-1.547389444462962324e-02,-4.233623598806967453e-02,-2.018770691954094032e-01,-1.504481604221867275e-01,-5.133346040437810481e-02,-1.370373459901679247e-01,4.200851383690383245e-01
0.000000000000000000e+00,7.812440820122588114e-01,-1.576641761448983325e-01,-1.125292527600461057e-01,3.409661351306782495e-01,7.389899719970867142e-01,-6.341590649445798256e-02,-5.893696240418525717e-02,-1.529624522787991214e-01,-1.532310057468280196e-01,-3.637075484871147429e-02,-1.309547300449777629e-01,3.890064760094126273e-01
0.000000000000000000e+00,7.919011258176203993e-01,-1.688840693498309120e-01,-9.722612719334161602e-02,3.539697989937331535e-01,7.738623489260649801e-01,-5.849441688666098815e-02,-5.532748100501555522e-02,-1.211886787575965907e-01,-1.229088829434534513e-01,-3.807884965580513731e-02,-1.330040283292662773e-01,4.634016782333700291e-01
0.000000000000000000e+00,7.715013976813965835e-01,-1.512798044691817945e-01,-9.949048773776951460e-02,3.510446985852469504e-01,7.677292820283578845e-01,-2.868097859085376802e-02,-1.410586567442624062e-01,-1.171561581759278381e-02,-1.121320416891821992e-01,-3.293334991632997089e-02,-1.333683862595801961e-01,5.483585847088123799e-01
0.000000000000000000e+00,7.473590487847053820e-01,-1.327495423986856105e-01,-9.077853186178856670e-02,3.553223492685198548e-01,7.389194944577958113e-01,5.744165680641493549e-03,-2.741916400129651432e-01,6.777066331889354533e-02,-1.277435347769416141e-01,-2.314012789713364160e-02,-1.534271968238427042e-01,6.463455075041163456e-01
0.000000000000000000e+00,7.124562027780180218e-01,-1.182255826409409349e-01,-1.006661499692245165e-01,3.508010286548155499e-01,7.041623405054219242e-01,-4.456370131662949069e-03,-3.503504007557093347e-01,4.136457964940523646e-01,-1.686725424197264012e-01,-2.110223537874876196e-02,-1.741327364250409016e-01,5.918397980447561713e-01
0.000000000000000000e+00,6.831739326422838765e-01,-9.827225993597064890e-02,-1.142898983378193567e-01,3.697365701822842854e-01,5.946920521203382659e-01,-9.622234822750330707e-02,-3.545944039827679806e-01,5.306378231548323221e-01,-2.259587717067516877e-01,-1.778653627176512639e-02,-1.679710690298503728e-01,3.553942266483354762e-01
0.000000000000000000e+00,6.060404315137299935e-01,-7.200245454446582705e-02,-1.001883599374130268e-01,3.698684858293137534e-01,5.389577730020748136e-01,-6.671303873382383731e-02,-3.943155015161270427e-01,4.883496050684850154e-01,-1.892398669610564632e-01,-3.016298677996996982e-02,-1.408316027227559386e-01,1.532319677269746439e-01
0.000000000000000000e+00,5.017969683921068569e-01,-4.237158835801533435e-02,-8.959247081800433832e-02,3.525073921690607404e-01,5.143783561902910417e-01,-1.220888012895128549e-02,-4.528516585039621400e-01,1.734365115460594353e-01,7.821799205703774266e-03,-5.217136841809982828e-02,-9.380891317031007925e-02,5.303226526471749996e-02
0.000000000000000000e+00,4.005752182696628028e-01,-2.692029954775790324e-02,-1.351733023471015371e-01,3.124893265207359661e-01,3.952528026853747711e-01,1.656877394995859842e-01,-3.902451485278668475e-01,-5.366062485005168581e-02,2.139543854595702954e-01,-1.188611866543800577e-01,-1.465218346202128430e-01,1.954240289147718412e-01
0.000000000000000000e+00,2.995271331514148816e-01,-1.518015596647099077e-02,-1.283791651069560724e-01,2.998822964840111571e-01,1.830409771955582021e-01,1.723838901337092222e-01,-2.633151720753173497e-01,-3.576993930195912497e-01,2.815047892589145895e-01,-1.764066375913364848e-01,-1.615908058673614367e-01,2.541143681520484088e-01
0.000000000000000000e+00,1.832986275814923738e-01,-8.269327240510359819e-03,-1.147217206422830316e-01,3.255760706133916660e-01,7.333957053810571947e-02,1.547984490248093814e-01,-1.491881501725086934e-01,-5.665480333148974479e-01,2.757478110393249415e-01,-2.002662054478925868e-01,-1.622582185032711011e-01,-1.886450604745708304e-01
0.000000000000000000e+00,1.069981789018033813e-01,-6.409702355189337772e-03,-1.047262238100069714e-01,3.949857003608526762e-01,3.337637747255435550e-02,1.560833813117621927e-01,-1.072663603285263223e-01,-6.511152144886060977e-01,2.436477885946147781e-01,-1.881268494813269077e-01,-7.823277131058888056e-02,-3.974369791773473826e-01
0.000000000000000000e+00,8.229289046146799624e-02,-6.519642962731837799e-03,-1.206591616784386256e-01,4.732873307961990017e-01,3.695246637376249643e-02,1.436398925029024887e-01,-1.689269332429039761e-01,-6.482519470059463496e-01,2.057745961806029256e-01,-1.899522937521077315e-01,-7.119546252048689072e-02,-1.746201232678487036e-01
0.000000000000000000e+00,8.700573855624134378e-02,-1.271048965290294194e-02,-8.892712378883646518e-02,4.954858884238100836e-01,2.670997937500876884e-02,1.325619318906238742e-01,-2.107665351008768950e-01,-5.690167512838584241e-01,2.024217344627132209e-01,-1.820862333457387849e-01,-1.417080966152944876e-01,2.292797769833426202e-01
0.000000000000000000e+00,1.037729750365263409e-01,-1.223599761499125776e-02,-8.308962243457619634e-02,4.655730130431213754e-01,1.536436709113403291e-02,1.242684649622308735e-01,-2.134453824948417122e-01,-4.638858308123666174e-01,2.005770025100509224e-01,-1.678974460394934143e-01,-1.409813036210199322e-01,2.224742608033332125e-01
0.000000000000000000e+00,1.144544986887197496e-01,-1.353167118229715686e-02,-7.685993671184887521e-02,4.455603098040901155e-01,2.322552116687633377e-03,1.341689707828087330e-01,-2.114930127510115110e-01,-3.291112826818889947e-01,2.022095471221633523e-01,-1.658353989086937263e-01,-1.282286217756277436e-01,2.436333747585651133e-01
0.000000000000000000e+00,1.166626550396369782e-01,-4.334648092346518426e-03,-6.275094207065297358e-02,4.277449031585853767e-01,-1.113125913208054714e-03,1.359422801584029561e-01,-2.454405188823002570e-01,-2.004230086799417276e-01,1.973625277306574055e-01,-1.622946696159386637e-01,-1.255827279147684328e-01,1.944316517247230702e-01
0.000000000000000000e+00,1.098868936705980626e-01,-3.786149389001411316e-03,-4.777511341838066444e-02,3.965586017418367137e-01,-1.191454278695476792e-04,1.444397949641913204e-01,-2.629790343910251571e-01,-7.452704850444995255e-02,2.079923359940022143e-01,-1.635974695068929952e-01,-1.262596079592512299e-01,2.084378774536684575e-01
0.000000000000000000e+00,9.916685050744236674e-02,6.797018080395843785e-03,-6.225121461036435544e-02,3.720888669181727781e-01,4.142540911049397145e-02,1.646490845954914906e-01,-2.810783173790957767e-01,4.633456204279894075e-02,2.168658107489629949e-01,-1.633478016630016683e-01,-1.266960903596900667e-01,1.920460761227977819e-01
0.000000000000000000e+00,9.881332530738155817e-02,2.017046078897950009e-03,-7.310785280230229499e-02,3.823846498665569027e-01,1.123969127498320869e-01,1.498649502862211269e-01,-2.604209657395638589e-01,6.774524739882235858e-02,2.135145146464629273e-01,-1.850120099104508309e-01,-1.446505858185506144e-01,1.877330104028374080e-01
0.000000000000000000e+00,8.579682196513058190e-02,6.333673612093199644e-03,-7.285975103018511867e-02,3.898802229363612648e-01,1.811244683890564644e-01,9.439743088925556247e-02,-2.652363110570125082e-01,9.596347132044598383e-02,2.074062067074203541e-01,-1.792461341486548954e-01,-1.665369785509200895e-01,1.869220389167163265e-01
0.000000000000000000e+00,1.055301282001240848e-01,1.445758626515794218e-02,-7.555989313459299250e-02,3.719659850454719585e-01,2.155040464706202141e-01,-1.729399186270007965e-02,-2.536816340944646475e-01,1.702873830796110266e-02,1.944160095740861405e-01,-1.670244395074524657e-01,-1.539250030517242684e-01,1.614797141951828940e-01
0.000000000000000000e+00,1.096919503873760721e-01,-3.455966303336490027e-03,-8.723111475313891083e-02,3.719086603282806269e-01,2.370025523692727010e-01,-3.174729901114797803e-02,-2.611352370405863321e-01,-8.219711461665281382e-02,1.281044642584635018e-01,-1.561155481409411960e-01,-1.839753303506863058e-01,1.424464952520544392e-01
0.000000000000000000e+00,1.292046661368764782e-01,-8.911404984781753913e-03,-7.274597606609380096e-02,3.716187277681751167e-01,2.449369417172442276e-01,-3.043444060520491753e-02,-2.426869166280228030e-01,-1.754546877949181571e-01,8.003632922511184911e-02,-1.231634433902362297e-01,-1.779247814360004343e-01,1.104152189827587865e-01
0.000000000000000000e+00,1.427339070360376660e-01,-4.973023890750234016e-03,-5.128060266030357028e-02,3.480895794736282856e-01,2.260114248410194648e-01,2.694491724085388900e-04,-3.002803597765245636e-01,-2.207301696355644660e-01,2.678278079065267783e-02,-7.954649652740646004e-02,-1.597030900531684339e-01,1.125303256255097833e-01
0.000000000000000000e+00,1.452959428995169167e-01,-3.157170477848107813e-03,-3.617682334545657685e-02,3.206152959664901880e-01,1.665167077847050925e-01,5.025266301043523204e-02,-3.524836856992333289e-01,-2.183358693067333489e-01,5.921903975271044542e-03,-4.439893932577177599e-02,-1.346544003187613581e-01,5.883306535161570566e-02
0.000000000000000000e+00,1.808448009095203202e-01,1.033385984532740783e-02,-2.652951645447036710e-02,2.857505703029077915e-01,8.576707564365811109e-02,7.840580043906159036e-02,-4.066555681183583459e-01,-1.695905935470314874e-01,6.665296925471841764e-03,-2.107586683624343427e-02,-1.356641039269660398e-01,6.425121850177627214e-02
0.000000000000000000e+00,2.168358105606671138e-01,9.512155404446113321e-03,-2.395389082302229120e-02,2.537717710674306515e-01,-4.075213033501161319e-02,1.079633060145929468e-01,-4.536002903695780519e-01,-1.680682185768034298e-01,7.556332666850287469e-03,-1.930415686431632277e-02,-8.573345184222186388e-02,-6.419138700904240477e-03
0.000000000000000000e+00,2.263233409599796631e-01,5.084410204628939589e-04,-1.780416704170822983e-02,2.652687116787977861e-01,-1.430144209360645069e-01,1.017739108299087342e-01,-3.070556406828814922e-01,-2.705377441394154481e-01,3.263176135378221404e-02,-2.139241625002753083e-02,4.089029817392546978e-02,-3.901277373294430029e-01
0.000000000000000000e+00,2.265244800643789747e-01,1.377569515870835344e-03,-5.021706876033147499e-02,2.872892090175768742e-01,-2.174981899009766906e-01,9.999068929645821280e-02,-3.152768175701298747e-01,-2.144217936916089640e-01,3.949730073436282657e-02,-3.266608920031846552e-02,1.408707542860096647e-02,-5.274945864345164104e-01
0.000000000000000000e+00,2.279698114037723156e-01,7.929185258976666553e-03,-6.536492797853951653e-02,3.070719916783128389e-01,-1.974135748569282867e-01,1.024425727407297787e-01,-4.274860427550583597e-01,-7.263535068931396832e-02,2.282682075217454254e-02,-2.465456929889559348e-02,-2.999673397650043372e-02,-2.401618532742799961e-01
0.000000000000000000e+00,2.280309960876870656e-01,1.929451424244684951e-02,-8.163342929900239964e-02,3.241536369675060980e-01,-1.084928205265461160e-01,5.742080796650912700e-02,-4.863408512833878872e-01,6.599061970395067589e-02,7.653627789839453910e-03,-2.429372677641051387e-02,-1.182740401720644430e-01,5.780430336689366261e-02
0.000000000000000000e+00,2.361125702188859032e-01,1.996595240137256227e-02,-8.328632262897629757e-02,3.241366963060492434e-01,4.798016119672707941e-02,3.238188783118906011e-02,-4.015071609485568738e-01,9.772351927389094639e-02,4.002889156455446615e-03,-2.084114716077707305e-02,-1.149608960481844494e-01,9.251585923089712671e-02
0.000000000000000000e+00,2.674048889304175836e-01,2.823721142784168386e-02,-8.811537647287312480e-02,3.101997941812689730e-01,1.763934915021943550e-01,-1.634059797414072479e-02,-3.829873966203834468e-01,8.858543355298696687e-02,-6.774860297950145195e-03,-4.846401536960927292e-02,-1.196702895130454941e-01,1.130769784317278426e-01
0.000000000000000000e+00,2.966522541576097072e-01,2.518186963589580385e-02,-1.100760538594580257e-01,3.201926825444451064e-01,2.947324028721346467e-01,-6.061281940238828769e-02,-3.701581790266345595e-01,1.080272438240303806e-01,2.608503599023003980e-02,-4.309365484356041109e-02,-1.210487286947142249e-01,1.223378851055979405e-01
0.000000000000000000e+00,3.307914653197654986e-01,3.023526696518898452e-03,-1.356425349055249141e-01,3.287198589784023350e-01,3.262778980207002300e-01,-1.357171574121533164e-01,-3.472192779154310571e-01,1.066237242975568988e-01,1.354056531634283966e-01,-5.028450123060535654e-02,-1.121170411652557541e-01,1.086109991206237468e-01
0.000000000000000000e+00,3.444016437930610408e-01,-3.748046495783400548e-03,-1.619135719204244372e-01,3.286956807610937337e-01,3.640730787384544032e-01,-1.920739666129883949e-01,-2.808265166456821449e-01,8.282121978308218391e-02,9.590798867443876830e-02,-4.288352915743623428e-02,-1.087644085027853758e-01,-2.228698963144527633e-05
0.000000000000000000e+00,3.473827989961241203e-01,1.315892534994756325e-04,-1.543506366858975742e-01,3.345314473068852212e-01,4.174165423781300288e-01,-1.997010262495855781e-01,-1.630589881365673843e-01,3.048024175634556077e-02,6.843328241913630705e-02,-3.603934129844310608e-02,-7.435927878663597945e-02,-2.097154906392041107e-01
0.000000000000000000e+00,3.434538305887360199e-01,2.902117834783112492e-03,-1.581059538992907743e-01,3.167830692711721685e-01,4.558956314201754734e-01,-2.017714419296475215e-01,-1.277510541689827195e-01,-8.254382620905782730e-03,1.865374267241494063e-02,-2.921775833022739396e-02,-6.314362241097717932e-02,-2.969853048212199309e-01
0.000000000000000000e+00,3.304311141200834689e-01,5.843329899360909067e-03,-1.503429838451321998e-01,3.158755804132414857e-01,4.539919301172497534e-01,-2.105081103813436494e-01,-1.179986860848791369e-01,-4.750873445251936091e-03,-3.121815207317929150e-02,-1.558613616123448453e-02,-4.911928803061176713e-02,-2.935007699879523257e-01
0.000000000000000000e+00,3.183281717754659623e-01,6.259179211570891146e-03,-1.668671332812533270e-01,3.256891268563473218e-01,3.990285618300875581e-01,-1.678605619719784336e-01,-1.250368701876374278e-01,9.136555696275599006e-03,-4.789292285934913795e-02,-2.233579778692832557e-02,-5.182917130431587138e-02,-3.124816165624658137e-01
0.000000000000000000e+00,3.086246248736725373e-01,4.600090527780950275e-03,-1.604392044126748407e-01,3.296020318056396281e-01,3.430730853178942663e-01,-1.398078080408312607e-01,-1.586731059528266596e-01,-1.041098609184942098e-02,-6.503717397364693065e-02,-7.106464632978837584e-03,-5.813175274265457160e-02,-2.843160722055260714e-01
0.000000000000000000e+00,3.051779999382031594e-01,5.466196867411074814e-03,-1.487311144974910460e-01,3.290977427921062959e-01,2.599294074911503993e-01,-8.498243311713223058e-02,-1.625547995222005049e-01,2.635990058681158838e-03,-6.687740220421253823e-02,7.263355261210800370e-03,-6.587767922355518280e-02,-1.838854364337684233e-01
0.000000000000000000e+00,3.045588511606654447e-01,6.760737932342510657e-03,-1.584198056809368871e-01,3.262381728984701801e-01,1.895880871184469352e-01,-5.482053232602467074e-02,-1.798410824134529795e-01,3.196902283865153769e-03,-7.510842625310883147e-02,1.567930633650471348e-02,-8.291960294822664501e-02,-1.272607657386293778e-01
0.000000000000000000e+00,2.984552995490826754e-01,4.932949306437877654e-05,-1.658246540855453643e-01,3.207401937179978901e-01,1.431918272433768680e-01,-2.373023153804186200e-02,-2.262752536171509510e-01,-1.026654494373009825e-02,-8.760000420527375153e-02,3.691940435801780579e-02,-9.912676650485803542e-02,-4.829638909843225747e-02
0.000000000000000000e+00,2.998903441537300041e-01,5.332049534064173257e-03,-1.607347024187122664e-01,3.187457875780635441e-01,1.174279533355921390e-01,-1.769698813276346762e-03,-2.420558758669986432e-01,5.755395872246081741e-03,-1.093094415428164101e-01,3.672904833216261711e-02,-1.070660662715469252e-01,-3.298736241750164187e-03
0.000000000000000000e+00,3.129454062057801522e-01,1.627849167241330382e-03,-1.640142187791113482e-01,3.184585781316811581e-01,8.364638587809271331e-02,2.233535097680650061e-02,-2.759447450487182429e-01,2.109317730652440770e-02,-1.407981805724553281e-01,3.111492787782190947e-02,-1.094600636377648928e-01,5.904535643723152899e-02
0.000000000000000000e+00,3.289581767431324910e-01,-1.132970622894051297e-03,-1.486172000492404222e-01,3.265471160293893504e-01,3.677374032341394761e-02,4.060854562046680577e-02,-3.038557016458968141e-01,4.207887418979839450e-02,-1.739228643656584306e-01,3.015868031081715694e-02,-1.145338765099251227e-01,1.142067886236844132e-01
0.000000000000000000e+00,3.515821193168138237e-01,-1.062813846363907903e-02,-1.562663658981833514e-01,3.188057276425804165e-01,2.887591062008504003e-02,4.144548702978166632e-02,-2.918848016136021961e-01,6.112233929697254153e-02,-2.075391081608015387e-01,7.603298749311708689e-03,-1.201075149134420428e-01,1.629245348243457403e-01
0.000000000000000000e+00,3.698788163930812889e-01,-1.868909207051471302e-02,-1.476246544568691199e-01,3.135749674952529875e-01,-4.097063845067588223e-02,6.353426440853865431e-02,-2.799154299687856007e-01,6.453585799495027697e-02,-2.461621459208687968e-01,-2.789330699431999058e-02,-1.456400585021059846e-01,2.684958124861815398e-01
0.000000000000000000e+00,3.771200866942929775e-01,-4.894318469641154891e-03,-1.300586946402394750e-01,3.135803312873352011e-01,-1.504037761515349958e-01,1.467649443103916929e-01,-2.957707932819898522e-01,5.551535951852271111e-02,-2.614928523259374971e-01,-5.013723947043041002e-02,-1.588376294672273203e-01,3.273518143829699523e-01
0.000000000000000000e+00,3.872628272997196697e-01,-1.070924748486262561e-02,-1.026243590381221843e-01,3.077032753925650344e-01,-1.855231831440085355e-01,2.023759191666232027e-01,-2.878925001822795204e-01,4.611317298055302855e-02,-2.839070124981178944e-01,-3.970875246427404276e-02,-1.802775377574566129e-01,3.837590868900859209e-01
0.000000000000000000e+00,3.949113227840514440e-01,-3.806376454400177411e-03,-6.406207744369968315e-02,3.012220231087361921e-01,-2.081388060264315332e-01,2.220423442545935711e-01,-2.645629563650606086e-01,-8.402901814836326311e-02,-3.812264969753554888e-01,-4.971942245599197258e-02,-2.125170775928361955e-01,4.457041281272540734e-01
0.000000000000000000e+00,3.943326463784999070e-01,-8.589173078949463580e-03,1.147500845548013633e-03,2.874008899893933933e-01,-1.188207635989923378e-01,1.594882397250548811e-01,-1.676176620724482424e-01,-2.368420833261340175e-01,-4.122797187661993434e-01,-5.295635212919871937e-02,-2.200354659092242648e-01,4.777809364468415532e-01
0.000000000000000000e+00,3.917551757226669373e-01,-4.852859621287032403e-03,-3.963016225336063458e-02,2.783493413279813367e-01,-1.031026002519305936e-02,1.104685320252919156e-01,-1.535015735670851589e-01,-4.395695294231984906e-01,-4.189487120763483174e-01,-4.565954699670043970e-02,-2.197824448870236980e-01,4.155723167062594370e-01
0.000000000000000000e+00,3.940592009022058084e-01,-2.371622982794607815e-02,-6.998828175495871995e-02,2.524460384469655039e-01,1.340455617983916936e-01,3.625938674763234254e-02,-1.348532298041531241e-01,-4.872270866277505497e-01,-4.204459470124120579e-01,-4.159643844724190270e-02,-2.157665205759337346e-01,3.424009719406750363e-01
0.000000000000000000e+00,3.925520180582394159e-01,-1.612559582196975566e-02,-6.335402242420981600e-02,2.350471519465779924e-01,2.119096026893803886e-01,-2.382448103977203441e-02,-1.140527035075477452e-01,-5.183822666083821584e-01,-4.134584039925502941e-01,-1.766694073233855689e-02,-2.125257564495767471e-01,2.506704504412083923e-01
0.000000000000000000e+00,3.883959011109331949e-01,-3.201538781822647894e-02,-4.339501592908717731e-02,2.154051804279062121e-01,2.152830499407313580e-01,-4.072222328409767084e-02,-9.687601318772240400e-02,-5.423984738284128859e-01,-4.224252215830643920e-01,1.018505965070748767e-02,-2.197709016859051012e-01,2.251454548263331912e-01
0.000000000000000000e+00,3.883426289234356288e-01,-2.432073464668520549e-02,-2.759766409008844457e-03,1.418373382541544825e-01,1.016564206369952039e-01,1.782624132791508012e-02,-7.569514124565010493e-02,-5.649187029626869805e-01,-4.132473739445609584e-01,9.073887785244889176e-03,-2.138446450085299266e-01,2.673694351717562090e-01
0.000000000000000000e+00,3.848285167888446656e-01,-2.136518488149246123e-02,3.856770640413047235e-02,9.282428910368081820e-02,-5.531774093584643226e-02,3.206310407723112627e-02,-8.187070852849233360e-02,-6.227993389282431291e-01,-4.098558765005145821e-01,1.280486619394708564e-02,-2.227443253898735154e-01,3.388544235304405960e-01
0.000000000000000000e+00,3.875888028200262792e-01,-2.681674368612414414e-02,5.730810825680852927e-02,6.072691147507820741e-02,-8.477724502047345734e-02,1.666982979396253867e-02,-7.582191909369387361e-02,-6.764961661499396817e-01,-4.014341967713520032e-01,9.305765806101644550e-04,-2.239839985055506466e-01,4.532821575588289464e-01
0.000000000000000000e+00,3.844666772653783648e-01,-3.118526640349566018e-02,8.056436441720411790e-02,1.621751594353349271e-02,-7.435548540949070417e-02,-4.191551828308941879e-02,-7.212377455218894895e-02,-6.968012915639837379e-01,-3.843907307109468707e-01,-1.553303631086603437e-02,-2.247152032688693457e-01,4.929119203888976397e-01
0.000000000000000000e+00,3.831455052189294830e-01,-3.702212619388017129e-02,9.570348126767040664e-02,3.756297739266264545e-03,4.266909756025714408e-03,-5.526481764024572529e-02,-8.288846627633378317e-02,-6.947361678647817618e-01,-3.643847816574447007e-01,-4.242060774725484734e-02,-2.190814920690550005e-01,5.488048522872545076e-01
0.000000000000000000e+00,3.916337995096235147e-01,-3.429012751881243409e-02,1.133929348310896146e-01,-8.235934613571534169e-03,1.128530051003245327e-01,-7.955058324186820018e-02,-8.355637129238567551e-02,-6.892758411021687737e-01,-3.688833401316387040e-01,-6.031210344788162647e-02,-2.208480901387256945e-01,4.914234318224574016e-01
0.000000000000000000e+00,3.792949511936929974e-01,-3.014159883854562391e-02,1.370541925992420640e-01,-4.396354017198207675e-02,1.019304175803717183e-01,-9.827118443498067402e-02,-9.588609717506160757e-02,-6.809939565217619784e-01,-3.200173311603414783e-01,-9.101880903095539710e-02,-2.250433812274617307e-01,5.450291603302501731e-01
0.000000000000000000e+00,3.812344148068284033e-01,-3.728217835092390714e-02,1.488372677654107301e-01,-4.846773541232066163e-02,3.220295942770453473e-02,-9.172593389470946879e-02,-1.130237460063714255e-01,-6.285733969804406795e-01,-3.123558163838452972e-01,-1.027281941415408156e-01,-2.155584838040331408e-01,5.302341045790358587e-01
0.000000000000000000e+00,3.821119781827953532e-01,-3.170184929634706217e-02,1.788364551574835315e-01,-6.172260904886624211e-02,-5.178388331661893523e-02,-6.446956348970876716e-02,-1.257182922245786705e-01,-6.661952983378645055e-01,-2.942571562907939642e-01,-1.146711449072247285e-01,-2.157780155239414632e-01,4.901186748624232203e-01
0.000000000000000000e+00,4.042475263202697233e-01,-3.031895172481511441e-02,2.076728277323375282e-01,-9.974128988878394608e-02,-7.898004662683001664e-02,-4.110326545220306660e-02,-1.196081101863292750e-01,-7.440445875520865782e-01,-2.925959998911617510e-01,-1.282729824772720351e-01,-2.224560840827273789e-01,4.681572069312819329e-01
0.000000000000000000e+00,3.988181983342906634e-01,-3.257500343566860357e-02,2.714272273621796683e-01,-1.316664689860836124e-01,-7.250723157816457709e-02,-3.059575995348532904e-02,-1.250876121188029544e-01,-7.919482298189884917e-01,-2.859387084837144433e-01,-1.405804715902733426e-01,-2.201544498439543807e-01,4.133513290817054098e-01
0.000000000000000000e+00,3.884659814226249508e-01,-3.597385904437010173e-02,3.696557945698720760e-01,-1.972892420468448094e-01,-4.981052912841130165e-02,-4.470164180424582301e-02,-1.626150498304735070e-01,-8.574607843322425982e-01,-2.666692247775455105e-01,-1.563101675098722276e-01,-2.178439729246229306e-01,4.781419855807576558e-01
0.000000000000000000e+00,3.955851491015480725e-01,-2.333657084337284124e-02,3.939906978996301490e-01,-1.853721704190125219e-01,-4.970272677468050293e-02,-2.227916274938914615e-02,-2.121167234961628678e-01,-8.354914531501296260e-01,-2.573615975213275897e-01,-1.664363271791417798e-01,-2.214612638936209466e-01,4.908621884341432540e-01
0.000000000000000000e+00,4.023613745136309094e-01,-2.110343509422287628e-02,3.701307414887994307e-01,-1.737546793522151689e-01,-3.876229092428115641e-02,7.361101903892085414e-03,-2.167425344748135363e-01,-7.661322138723111186e-01,-2.523842724179322650e-01,-1.385007756367674647e-01,-2.154274289282201160e-01,5.731165821398543914e-01
0.000000000000000000e+00,3.981101912794074438e-01,-1.264982532015752545e-02,2.868291335912273587e-01,-1.278816050142542460e-01,-4.779975283326551999e-02,2.859962446529337038e-02,-2.746536668329223052e-01,-6.410416043805980957e-01,-2.568271291588685168e-01,-1.212341461294754175e-01,-1.978410603723957939e-01,4.942118923595721913e-01
0.000000000000000000e+00,4.079124512356585019e-01,-1.169101610910355978e-02,1.588973360578672667e-01,-2.239860786887256511e-02,-6.024680079886039763e-02,6.729753395994579612e-02,-3.507777002042357650e-01,-3.172225593727968640e-01,-2.334973839564215836e-01,-1.124491411806011198e-01,-1.359551353729246681e-01,2.925914782034313988e-01
0.000000000000000000e+00,4.017721763061999907e-01,-1.882717421462134708e-02,1.163372452929152256e-01,-4.586460982058491315e-02,-8.963478557827848914e-02,9.018819843498819544e-02,-4.285159480627605544e-01,5.134379479828639174e-03,-2.129931068119159665e-01,-1.105924693161395855e-01,-1.772645905373237962e-01,4.580434335091856934e-01
0.000000000000000000e+00,3.947705827255601485e-01,-1.728249666194141970e-02,7.360718572770294510e-02,-7.286595350953883887e-02,-1.068478478959168643e-01,9.763242496181794017e-02,-4.334873248953949321e-01,9.638165957274141826e-02,-1.973322424284717214e-01,-1.361416848771999366e-01,-2.235830945387120849e-01,5.384896350488479477e-01
0.000000000000000000e+00,3.850422349774176856e-01,-1.046212489081502564e-02,6.156688896194181804e-02,-9.262386294212474058e-02,-7.103139291168038272e-02,8.816743574043531262e-02,-4.564785597870714695e-01,9.605586836347322632e-02,-1.706911971390999982e-01,-1.505816856408903337e-01,-2.531427362465276110e-01,6.130709956155521168e-01
0.000000000000000000e+00,3.953675681397884611e-01,-1.695062777359681791e-02,8.672422826119163819e-02,-1.564905664620414305e-01,2.721457428797371264e-02,7.392621545730750088e-02,-4.713202455151636605e-01,2.266364958495238960e-02,-1.683210480219036187e-01,-1.676323558549442927e-01,-2.580914035716239674e-01,6.216189729388940099e-01
0.000000000000000000e+00,3.974274444881508717e-01,-2.684666507042608730e-02,9.295134524214172800e-02,-1.963852713346100343e-01,1.341950608807120637e-01,3.822294144408723560e-02,-4.796154953656011077e-01,-1.067121441454090408e-01,-1.981623102278833037e-01,-1.580859155412452921e-01,-2.534065006005129517e-01,5.639007935323352427e-01
0.000000000000000000e+00,4.227451127368756501e-01,-3.820716464749400899e-03,1.439996180748429611e-01,-4.200435211090298160e-01,2.694855722611360083e-01,-6.822173852025451880e-03,-5.529672305279059730e-01,-2.774288229382660398e-01,-2.168607771188110767e-01,-1.782394608560329829e-01,-1.698408621559821807e-01,2.015176519589657322e-01
0.000000000000000000e+00,4.168050854784114967e-01,-4.804911971822248794e-03,1.850713307714502154e-01,-5.031346250305374079e-01,3.136913844440439303e-01,-3.488528044903751318e-02,-6.070379049221436007e-01,-2.985023358310906483e-01,-2.146707863576686470e-01,-1.309529227178491129e-01,-1.272100959483419558e-01,-1.572060177059803887e-01
0.000000000000000000e+00,4.084314473303183313e-01,-1.799806343306602696e-03,2.242356264360824414e-01,-4.877991397790664152e-01,3.169589891447373020e-01,-6.605091785577130170e-02,-6.298637279625671770e-01,-3.057933935705436368e-01,-2.017599996172308452e-01,-8.251699506392104477e-02,-1.604739334010231722e-01,-3.842411039308297749e-01
0.000000000000000000e+00,4.149756958982085964e-01,1.025764673419704738e-02,2.070063155210016270e-01,-4.994493849750716308e-01,3.397739309799965302e-01,-9.873803522224612605e-02,-6.391918644939892369e-01,-3.080106384129187025e-01,-1.699654461001495476e-01,-5.016908478187497716e-02,-1.647480830988131417e-01,-4.771447551643607787e-01
0.000000000000000000e+00,4.029374867881622135e-01,1.248591405591650307e-02,2.212596157714548928e-01,-5.124010432668614223e-01,3.269183742535897164e-01,-1.099683419574346427e-01,-6.282914708273782400e-01,-3.202156199898737454e-01,-9.734717772545210812e-02,-1.297377407281868622e-01,-1.937625998204438871e-01,-6.667079651005780594e-01
0.000000000000000000e+00,3.828404581290403841e-01,1.727199367203789346e-02,1.797185136089829161e-01,-4.931981478882859204e-01,2.688547028588164634e-01,6.736223310054377522e-02,-7.813448680894083953e-01,-3.042720243683857961e-01,7.026767791729109092e-02,-2.093254726576569968e-01,-2.093208030569781442e-01,-7.428509297845147241e-01
0.000000000000000000e+00,3.373586743373587771e-01,4.213343427427784782e-02,8.045338345217999121e-02,-4.173085092018943287e-01,1.099064876233238341e-01,1.947207337560981077e-01,-8.408445340429568926e-01,-2.237265517084205124e-01,1.797281314779206607e-01,-2.192593146421439321e-01,-2.244292505793339665e-01,-7.877404798265649211e-01
0.000000000000000000e+00,3.125853928504018775e-01,7.047966648561324043e-02,2.589200458741883898e-02,-2.757980892261217010e-01,4.144556329549868925e-03,2.264159781655923354e-01,-8.102773277556278853e-01,-1.666069739224271817e-01,3.193076517279118676e-01,-2.159343003878351763e-01,-3.119615867638371176e-01,1.328810754441566433e-01
0.000000000000000000e+00,2.958540384083598873e-01,7.188134566747052256e-02,3.780334159501031084e-03,-7.945010195755619620e-02,2.559452732067179007e-02,2.112958272966865281e-01,-6.320116946049564310e-01,-1.499964147122863356e-01,4.230194969298888830e-01,-2.033910366957096261e-01,-3.687882027180145461e-01,6.248600343601441454e-01
0.000000000000000000e+00,2.990538428436019247e-01,7.443164440659991166e-02,-4.783077627416615352e-02,9.631801081496026151e-02,4.255114372929197364e-02,2.320978374503144814e-01,-5.756076989862646265e-01,-2.741328150998416646e-01,4.346872968660666081e-01,-1.635576472346438048e-01,-3.773656758270155231e-01,5.340527019105798523e-01
0.000000000000000000e+00,2.973436860039171403e-01,5.515358775044042206e-02,-1.933838987126143549e-01,2.908925029722774225e-01,1.239904433697304117e-02,2.364997630919835614e-01,-6.419567935229836264e-01,6.908700752235409637e-02,4.306437923179879390e-01,-1.525237224979555939e-01,-3.661791715074708686e-01,3.966745526428301916e-01
0.000000000000000000e+00,2.984561585476248058e-01,6.794833652650472677e-02,-1.178800969333285570e-01,2.993940757442752343e-01,-2.461099485086268909e-03,1.838706786407962313e-01,-4.881854926045388066e-01,-5.715346772461322722e-01,4.027973920048535383e-01,-1.271962806725550899e-01,-2.247560090892399831e-01,6.357242240841873282e-02
0.000000000000000000e+00,2.847723846654489632e-01,7.458780428998237899e-02,-8.635625242859053252e-02,1.990944353524416732e-01,2.039491460296594810e-02,8.470571580621469310e-02,-1.587059036826986846e-01,-1.000539366174624245e+00,4.052036951414261234e-01,-1.169283237279104132e-01,-2.030488957251242177e-01,1.348861635561821593e-01
0.000000000000000000e+00,2.120377936609469383e-01,1.101757495325542263e-01,-1.089147759403357590e-01,1.726885937716927943e-01,3.714460796383704799e-02,4.418300076565060547e-02,-8.070258016051630456e-02,-9.056276612234124279e-01,4.703486873595802420e-01,-1.046177528251054506e-01,-2.851559301694011062e-01,3.442001428695749543e-01
0.000000000000000000e+00,8.762197857024510428e-02,1.451727086420339929e-01,-1.312749368159354113e-01,1.589774395374202176e-01,7.307457008558430889e-02,8.051501515352420257e-02,-2.726986469344451214e-01,-5.139872179838453903e-01,5.433467727052561091e-01,-1.174691386049882685e-01,-5.084016474616325221e-01,3.251865983855677933e-01
0.000000000000000000e+00,3.716291169273438361e-02,1.355805822998559507e-01,-1.099006270883445963e-01,1.088071026024923227e-01,1.762270406013754509e-01,5.100279760393212208e-02,-2.516620233191050882e-01,-7.667835752686841255e-01,6.177385882393565675e-01,-8.754038697803277758e-02,-4.564349250092624710e-01,-7.960234445947289572e-02
0.000000000000000000e+00,2.995972492347060978e-01,1.011820629429796142e-01,-9.601934455535718338e-02,1.072125501152052657e-01,2.271555032025433796e-01,3.600646071332200965e-02,-2.132196913536902050e-01,-8.645983499906872982e-01,6.578008124705767568e-01,-9.922709524874449849e-02,-4.213983931640319924e-01,-3.226931139487355105e-01
0.000000000000000000e+00,5.370101132501742258e-01,8.438817172777546283e-02,-1.033293684908864751e-01,9.292444405070843239e-02,2.446887763849324438e-01,4.004223506093268492e-02,-1.932938788800031837e-01,-9.142279338706490455e-01,7.178862300296846577e-01,-1.106498248615778446e-01,-3.966938194621309477e-01,-4.374296468324249676e-01
0.000000000000000000e+00,6.879393141117667865e-01,7.757251367120673868e-02,-9.108124304365618207e-02,9.013850198208804565e-02,3.720209424076135196e-01,2.998196713991277407e-02,-1.726444251074216452e-01,-9.043041361615715701e-01,7.582879574962806402e-01,-9.634315113278534015e-02,-3.596219263275499678e-01,-4.622017260141396688e-01
0.000000000000000000e+00,3.663206732751208561e-01,9.036148079212180662e-02,-9.666661972320722551e-02,8.179039707754486022e-02,5.648088349105966355e-01,5.645212930335365836e-02,-1.331917340168802255e-01,-8.598312174887821069e-01,7.927419026449028516e-01,-1.006836146590206343e-01,-3.723994355433383752e-01,-4.809250766108369435e-01
0.000000000000000000e+00,3.067972810029891417e-01,9.099554515274325961e-02,-8.323481602642134047e-02,7.283373565300861607e-02,4.467285412996384042e-01,3.570738321423470862e-02,-1.295254292002154528e-01,-8.712296870064505372e-01,8.219344235173166036e-01,-1.116422548787653207e-01,-4.003398073212456887e-01,-4.757757080864107868e-01
0.000000000000000000e+00,3.120221160315946873e-01,6.858058964618153619e-02,-9.758141520985172401e-02,9.911631535128535841e-02,3.434041300724319790e-01,3.885132589315814372e-02,-1.292103563486063367e-01,-8.682047315202610083e-01,7.876857514980430963e-01,-9.255455079510432892e-02,-3.859337614978660125e-01,-4.866319176956679926e-01
0.000000000000000000e+00,3.251599604484009531e-01,8.506563540184694516e-02,-9.749090298170180746e-02,1.003784044920794233e-01,3.576309941217272748e-01,2.841044559800208133e-02,-1.372823499772934386e-01,-8.744081509401090413e-01,8.004974375607245562e-01,-6.503125029818389302e-02,-3.944342192126675806e-01,-4.739123679997627181e-01
0.000000000000000000e+00,3.456740554195834036e-01,6.036613018884928045e-02,-1.109325033588425963e-01,9.195159585939488567e-02,3.522719266360228585e-01,2.892416486495037742e-02,-1.603135089477987774e-01,-8.844868566747993155e-01,7.879920463146747878e-01,-4.714113107897074245e-02,-3.888769218080585510e-01,-5.031806733262306208e-01
0.000000000000000000e+00,3.372660960284885601e-01,6.890184075812993969e-02,-1.269238111874894104e-01,1.019008290723953519e-01,3.010150649473142814e-01,2.712754458954695289e-02,-1.821927100644217534e-01,-8.344874220108707830e-01,7.362531884430958407e-01,-6.190279440708913727e-02,-3.978914139355572144e-01,-5.305180786832660589e-01
0.000000000000000000e+00,3.011980595233836322e-01,8.034696068302148164e-02,-9.156839235883536265e-02,1.226291691068008838e-01,2.337989590743424495e-01,4.478189395841337961e-02,-1.842532536135236820e-01,-8.779888623804796843e-01,6.662576423327252195e-01,-6.243558099681334461e-02,-3.982992653565191055e-01,-4.948083441691931150e-01
0.000000000000000000e+00,2.793668389090923632e-01,9.077217078546528928e-02,-1.135445816845376682e-01,1.178889120349797953e-01,1.847617529323269669e-01,7.632435437372935005e-02,-2.182930241634712942e-01,-9.132175055932213459e-01,6.098325119815360962e-01,-1.753672636065484874e-02,-4.304428447972196148e-01,-4.415456439822799672e-01
0.000000000000000000e+00,2.543082686308024698e-01,7.810350836973663224e-02,-1.193981928493419997e-01,1.245877941109429093e-01,1.371540680250962763e-01,8.806110231294279889e-02,-2.242355608364429431e-01,-8.888479372679657375e-01,5.710108071289869969e-01,-3.655651112168973454e-02,-4.398542359841123850e-01,-2.661684839664634206e-01
0.000000000000000000e+00,2.289551111351460777e-01,5.860932726597732623e-02,-1.218971517487017070e-01,1.157834244787488698e-01,1.698375598198344216e-01,6.572599718212669695e-02,-2.271467784844338755e-01,-8.804159099777398856e-01,5.401322201020652969e-01,-8.709183915028970158e-02,-3.787124175236973866e-01,-3.380587913595328176e-01
0.000000000000000000e+00,2.270163344674807349e-01,1.054682755521541837e-01,-1.338520733639862459e-01,1.176827986461834730e-01,2.229825058936377169e-01,1.610694393238463681e-02,-2.005194934283137664e-01,-8.345834468836738074e-01,3.666418474803483374e-01,-1.454724720861737819e-01,-3.412995646688694595e-01,-3.108894607878604499e-01
0.000000000000000000e+00,2.374459831144956068e-01,9.733137648900094807e-02,-1.799802056533287287e-01,1.129443949785171319e-01,3.039926973396546717e-01,2.760500317771519621e-02,-1.816639833747395183e-01,-7.962728723411734988e-01,2.994536219512944908e-01,-1.628294650747113825e-01,-3.117418434049719078e-01,-1.963921427032723765e-01
0.000000000000000000e+00,2.596285350523429569e-01,8.974233780133827887e-02,-1.710746153776138700e-01,9.276826821518752153e-02,3.823568676528297239e-01,-5.111521531820364332e-05,-1.813380526405010129e-01,-7.823747069265631904e-01,2.707414254006483278e-01,-1.820689129677871554e-01,-3.036830986310434244e-01,-1.746085511202997431e-01
0.000000000000000000e+00,3.192659792475588398e-01,9.089828657592714800e-02,-1.671846641271670930e-01,6.352997326046386228e-02,5.048140195269142927e-01,-4.547415836684485548e-03,-1.617093146933830383e-01,-7.496050813226534659e-01,3.565659040757270803e-01,-1.773028486211520871e-01,-2.688670335512862164e-01,-1.174724364354571976e-01
0.000000000000000000e+00,4.277436829717165545e-01,8.719919689463102863e-02,-1.385956151517550583e-01,3.110886526338624974e-02,6.452232799469497238e-01,-2.522784944697499879e-02,-1.585285614825152067e-01,-7.288465352823083609e-01,6.137980534830168589e-01,-1.805252682326935754e-01,-2.023979970220104729e-01,-2.700445794768268626e-01
0.000000000000000000e+00,5.675049620658354499e-01,6.705719398686568744e-02,-9.816758363906610829e-02,-8.136137326192130481e-03,6.953581400042795346e-01,-4.253881592886103041e-02,-1.719511164687183569e-01,-6.347199227473111494e-01,8.656611775900296957e-01,-1.929447756371955314e-01,-2.451144127586974558e-02,-4.608025348913563635e-01
0.000000000000000000e+00,7.823118735575365079e-01,2.135609198878377774e-02,-7.566300950549717519e-02,-1.384962913087503349e-02,8.480238359913495616e-01,-2.408889019792543121e-02,-1.816921673313668384e-01,-5.679159121474376404e-01,1.096008379686020495e+00,-1.807557808712461078e-01,-2.096272241909635445e-02,-9.118157035203691696e-02
0.000000000000000000e+00,1.019150404484535644e+00,-2.770042048624844419e-02,-3.366133014778487781e-02,-1.030933032214482493e-02,8.710883499242481065e-01,-2.304263089436295667e-02,-1.078382023962723701e-01,-2.164946371868159691e-01,7.519732355075060548e-01,-2.208554844512795323e-01,2.266915047156993490e-02,5.760509045286948959e-02
0.000000000000000000e+00,1.183571488019908191e+00,-6.015586116716288567e-02,8.972148360733884706e-03,3.651957384057703815e-02,9.376079772769482235e-01,-1.915217297301683927e-02,-6.339910660956118993e-02,9.056593142979402211e-02,8.016948271870282250e-01,-2.414681863858420541e-01,1.502550475546070297e-02,3.269706735982701451e-01
0.000000000000000000e+00,1.141697634923402260e+00,-5.995241225645252248e-02,5.299701050070010182e-03,1.412341999115591940e-01,9.610297265879153006e-01,-1.981506303204171038e-02,-2.217567127294228224e-01,-1.248579894399768492e-01,9.992842232411486281e-01,-2.310253415435480351e-01,-1.008196785159570091e-01,-4.316726795365335989e-01
0.000000000000000000e+00,1.119612816042641068e+00,-3.807097473804590959e-02,-1.063594216135137910e-02,2.898384494487707963e-01,9.350550644939541467e-01,-5.648387509331476153e-02,-3.020945361532306195e-01,-2.446140087650278960e-01,1.035902685482217311e+00,-2.326793606449084617e-01,-2.995706324194781153e-02,-8.463211315616054886e-01
0.000000000000000000e+00,1.083583999742856685e+00,-6.068249359684060179e-02,1.368370269477412610e-02,3.664050032101351939e-01,9.327147269417770392e-01,-5.794405057373245432e-02,-2.475153707601696340e-01,-2.659456525689301576e-01,1.266390930866926334e+00,-2.597436284581732258e-01,1.199155628718647920e-01,-1.141562486801985354e+00
0.000000000000000000e+00,1.066981675233338311e+00,-3.882769339919166923e-02,1.148955893174012730e-03,2.605061338502485668e-01,8.889724668350463821e-01,-5.498033981242769763e-02,-2.260681075639933146e-01,-1.598011863091035045e-01,1.323046046434066536e+00,-2.874284224413042876e-01,2.230027725417989271e-01,-1.792474817146288535e+00
0.000000000000000000e+00,1.050467068184333552e+00,-3.771265016651068752e-02,-1.291240826043356209e-02,1.355442137612499487e-01,8.514108217938595180e-01,-4.706685897245845712e-02,-1.861072005546172137e-01,-2.594290960378372035e-01,1.318343784667444396e+00,-2.883785878420960791e-01,3.237381811263663756e-01,-1.660305746616527411e+00
0.000000000000000000e+00,1.011711385634813221e+00,-2.966939600620174464e-02,-2.642451089281713100e-02,1.164093084347704588e-01,8.182391467281292519e-01,-6.051378130629194579e-02,-1.049593737237048685e-01,-3.617798567033772006e-01,1.293525040917063773e+00,-2.793635720472085748e-01,3.992704020621908878e-01,-1.301262003389709987e+00
0.000000000000000000e+00,1.048335952786457970e+00,-3.676700426855186721e-02,1.402071864004675057e-03,9.649853595588969712e-02,8.435840989592729988e-01,-5.375085878353814961e-02,-1.318822902610727044e-01,-4.354618640008592334e-01,1.299980465447610589e+00,-2.866339401120747699e-01,2.251711165164732020e-01,-1.067702587347616028e+00
0.000000000000000000e+00,1.045418089014665819e+00,-4.519927175565958966e-02,-2.873759374730422422e-02,9.248732779236941426e-02,9.004244855667101755e-01,-6.643580971922034839e-02,-1.762919803398996788e-01,-4.247571223272259555e-01,1.317336294535553343e+00,-2.740282801341366592e-01,6.098288071764101925e-02,-9.142279740276371136e-01
0.000000000000000000e+00,1.029040216062230728e+00,-4.698806246873601239e-02,-2.810194393020383138e-02,1.051417337419780912e-01,1.017943660982907339e+00,-9.023642774248434584e-02,-2.167306935670146595e-01,-4.688943386578027783e-01,1.306111470106356975e+00,-2.938866931332049792e-01,-1.140664682364545268e-01,-6.766608695140734486e-01
0.000000000000000000e+00,1.037330490146757489e+00,-6.133765289084731898e-02,-2.018695286123425858e-02,1.112452322474447447e-01,1.122631955767382061e+00,-1.116584284013260875e-01,-1.746706153598726885e-01,-4.843125305905006672e-01,1.325675889656686035e+00,-2.959378132565211317e-01,-1.346978630313982461e-01,-3.409606688247021622e-01
0.000000000000000000e+00,1.027134863491675265e+00,-6.978034953627436365e-02,-3.069576173358680091e-02,1.124836859214515400e-01,1.121412808412193929e+00,-1.293574928595644657e-01,-1.348944910122163166e-01,-4.881536640471798583e-01,1.310886411435638887e+00,-3.425806584748367078e-01,-1.088903128200514325e-01,-4.668841452249520851e-01
0.000000000000000000e+00,1.072205068032198172e+00,-9.976501552401281780e-02,-3.887116075989076325e-02,1.223523148025840168e-01,9.291849266385413531e-01,-1.264021679494542749e-01,-1.141386161836366736e-01,-4.174626929917900076e-01,1.232555204774809177e+00,-4.122548162687845186e-01,2.607058173167280113e-02,-7.575889190460857181e-01
0.000000000000000000e+00,1.071437146063374923e+00,-8.649274948110581562e-02,-4.174342587567641399e-02,1.752537149253069193e-01,8.969516317140273642e-01,-1.439066814871949318e-01,-1.139034608870554688e-01,-2.111306768556983349e-01,1.082976255847992952e+00,-2.316800580175499835e-01,1.836222090307970400e-01,-5.901037754173631411e-01
0.000000000000000000e+00,1.035937036346398887e+00,-7.206508291075766626e-02,-6.527872408410347049e-02,2.632642201154155592e-01,9.373349110799810147e-01,-1.483624846630925143e-01,-1.655600126979773212e-01,2.777483836236221415e-01,7.355977933079222986e-01,-1.458904459127552122e-01,6.305923010051209254e-02,-3.471891023449958369e-01
0.000000000000000000e+00,1.043203644608229785e+00,-5.592349003839149069e-02,-6.534843742347919149e-02,4.485773232209814276e-01,9.604696395004315157e-01,-1.072415449191543857e-01,-2.055744817664294788e-01,-9.514731737787116006e-02,9.274755015187444718e-01,-1.427631919146837014e-01,-2.665348360876719225e-01,-9.531492594048917022e-01
0.000000000000000000e+00,1.079135007344153685e+00,-3.893730644946764158e-02,-9.458885530387915741e-02,5.219307271668822690e-01,9.279736452801522484e-01,-6.884695684205466293e-02,-2.219517939425173225e-01,-7.189689971462460694e-01,1.132738178453872591e+00,-1.758228177075122356e-01,-2.580705321053206047e-01,-1.078925801320325339e+00
0.000000000000000000e+00,1.101203156204576761e+00,-3.647881119244309606e-02,-1.157589276512392129e-01,3.413021364309444250e-01,8.294238399119922001e-01,-1.004814400205630148e-01,-1.683209835474769878e-01,-8.356563915994538183e-01,1.060099008643628382e+00,-2.081223146097321286e-01,-6.866660858682599455e-02,-1.185857553581086465e+00
0.000000000000000000e+00,1.095363697799358160e+00,-1.085567039586570262e-02,-1.508204395801795439e-01,2.480998149398239427e-01,8.757957761318805323e-01,-1.381172591981982833e-01,-1.182545251463552050e-01,-9.155027417675510870e-01,7.261375750547931496e-01,-1.765214236437225859e-01,-1.638012919822904312e-01,-8.192748931988800276e-01
0.000000000000000000e+00,1.071333598296818401e+00,-1.489287430478512982e-02,-1.375153910906734833e-01,2.416443973037144533e-01,9.708411344912727392e-01,-1.371412098476446073e-01,-1.073785523559794702e-01,-9.674910453854899117e-01,1.172661087834686811e+00,-2.996242182621804417e-01,-2.034596931294735400e-01,-8.646886251760539377e-01
0.000000000000000000e+00,1.009300445694875092e+00,-7.012703817060673799e-03,-1.371089411189850837e-01,2.464837835491988371e-01,9.908035257675166241e-01,-1.221775242960466551e-01,-1.227552992877750243e-01,-1.024699046503466882e+00,1.246306972686668235e+00,-4.021560501816630606e-01,-3.193379871669119185e-01,-6.689459930057242154e-01
0.000000000000000000e+00,9.239573095467711328e-01,2.229655439191586749e-02,-1.710932912542176554e-01,2.319784806284914402e-01,9.896454843056361472e-01,-1.237097044398928480e-01,-8.977567119444672394e-02,-1.097072804036891336e+00,1.204639575922504147e+00,-4.205679126506030596e-01,-3.536067996097471133e-01,-4.608591224820672294e-01
0.000000000000000000e+00,8.926149247039742995e-01,2.776901426304585405e-02,-1.757899364530282060e-01,2.387684700482472222e-01,1.005177765952669500e+00,-9.787494774323605984e-02,-9.123378724732336686e-02,-1.035416387492772428e+00,1.197884632452087317e+00,-4.217698261720965180e-01,-4.531933520211394173e-01,-3.568916049843160465e-01
0.000000000000000000e+00,9.147164326203223172e-01,2.472772425067707933e-02,-1.868647049155343631e-01,3.909262302688367163e-01,1.044310775463065832e+00,-1.005000630833374070e-01,-4.421837812074282115e-02,-1.053995409420766416e+00,1.222670708505585013e+00,-4.048741199959728920e-01,-4.646468067482728004e-01,-3.644630947734968651e-01
0.000000000000000000e+00,9.377728224635257792e-01,1.955482984078864284e-02,-1.943760714370873222e-01,3.160427248975535841e-01,1.024089609323294958e+00,-8.876202129377033789e-02,-6.178541163738825864e-02,-8.854704168705673784e-01,1.224009006598280491e+00,-4.088576484337911876e-01,-3.517195817290028614e-01,-7.287318051516138429e-01
0.000000000000000000e+00,9.258728764992167903e-01,2.672598308572631410e-03,-1.936554271066942001e-01,8.923785110932717923e-02,9.658005513464456016e-01,-7.746210332897859874e-02,-1.456692252597436010e-01,-6.872653033779568821e-01,1.230369963621381846e+00,-4.012405832017628682e-01,-3.163430950863970748e-01,-7.553742420047868666e-01
0.000000000000000000e+00,9.332827254114141047e-01,2.090592267280204017e-02,-2.494768711601666467e-01,7.338929976078263639e-02,8.913065602736128801e-01,-9.149685350615721635e-02,-1.684852961244236724e-01,-3.858050367373920264e-01,1.215854661410463056e+00,-4.026662750982113459e-01,-4.710535376540967989e-01,-4.307318756825616601e-01
0.000000000000000000e+00,9.312443750352755734e-01,3.136983283437071862e-02,-2.124028738497740487e-01,8.861776255968170646e-02,7.602717050974101554e-01,-8.328658905372161858e-02,-1.929672312028100634e-01,-1.283056219379177798e-01,1.156469038906278612e+00,-3.753042278622901740e-01,-5.243991944436092734e-01,8.398845033676298477e-02
0.000000000000000000e+00,8.972707888332225323e-01,6.027187107248579978e-02,-2.288956283081630960e-01,7.179390273775401732e-02,6.624917218717568668e-01,-9.506718372724072552e-02,-1.444973594820113116e-01,-2.964699509363979413e-01,1.093208802667061441e+00,-3.841940760990733006e-01,-4.863855412500556197e-01,-3.325578350726873800e-01
0.000000000000000000e+00,8.289939161566254322e-01,7.052904713143123838e-02,-2.349788398650705379e-01,8.059661689764911763e-02,5.664630104095336183e-01,-9.276633058250521868e-02,-1.669129719711339999e-01,-6.444849269470684927e-01,1.026550745648295404e+00,-3.669265402421561517e-01,-4.559487541348090645e-01,-6.005330572717600957e-01
0.000000000000000000e+00,7.725797602843655909e-01,8.301335984943684909e-02,-2.486215290317790594e-01,6.221471066223299012e-02,4.854290799577342663e-01,-6.807993971610454276e-02,-1.460527193202405261e-01,-5.796098987115397838e-01,9.312285783576990106e-01,-3.521870508473172179e-01,-5.298075478421206963e-01,-3.911531296095149823e-01
0.000000000000000000e+00,6.284717732716654792e-01,1.086640411085113972e-01,-2.362905015370456718e-01,6.281032305333372756e-02,4.166753216854169883e-01,-1.488496382701972459e-02,-7.515682371817886120e-02,-4.843213030494561422e-01,8.294479632814876213e-01,-3.319911451953574399e-01,-5.459386414629450179e-01,-1.096744368700562286e-02
0.000000000000000000e+00,5.196490583288092546e-01,1.495579616232433073e-01,-2.426426610287193697e-01,6.938980078663120610e-02,3.916449488032372472e-01,2.961483168635107091e-02,-5.879470151893262646e-04,-4.982388140580106817e-01,7.552243757340162400e-01,-3.252943298616661205e-01,-4.921416405888864865e-01,-4.498175853829105425e-02
0.000000000000000000e+00,4.348313955567971179e-01,1.172925951702497027e-01,-2.265163566383966987e-01,5.272297274998610783e-02,3.957307178955671856e-01,4.617199485907221013e-02,-6.754236859482294630e-03,-4.983133174739992066e-01,6.870514566889394104e-01,-3.080488289203189844e-01,-4.149752621814821185e-01,-1.597834937840331426e-01
0.000000000000000000e+00,3.116031998146200355e-01,1.032954919016942086e-01,-2.302834141718043126e-01,5.639188869692128570e-02,3.654136178801246082e-01,3.236526182078106051e-02,8.476713776394152397e-03,-5.053548992045371335e-01,5.900892104547268424e-01,-2.865824755454614570e-01,-3.906527686768225816e-01,-2.695493691654505808e-01
0.000000000000000000e+00,1.845707201314862878e-01,1.143268945278091420e-01,-2.131881375433909709e-01,5.483875326020574287e-02,3.121751699350177600e-01,2.637902607334161043e-02,-7.746777606726687471e-02,-5.548858698619432150e-01,4.688536876978036672e-01,-2.919301320430257030e-01,-4.057338621687346381e-01,-4.730681547661645392e-01
0.000000000000000000e+00,8.518744705700545539e-02,1.199206158589339044e-01,-2.025840846865208655e-01,4.642217549935905713e-02,2.429201897979603453e-01,3.918866663635542369e-02,-2.457051891211151917e-01,-6.427126368141883317e-01,3.653286589447597987e-01,-2.417535028029316468e-01,-4.165564765656971646e-01,-4.154304460186782344e-01
0.000000000000000000e+00,-1.169720856303825725e-02,1.510559901230570656e-01,-1.872346701187836138e-01,3.925787896416906703e-02,2.022586706061399731e-01,7.924087285134423508e-02,-3.523140222531480625e-01,-4.751911998174278562e-01,2.689422638684534350e-01,-1.719693297290210143e-01,-3.731693113670657147e-01,-2.465452005023039406e-01
0.000000000000000000e+00,-9.645939825121019329e-02,1.606962573535528072e-01,-1.880302862881885473e-01,5.417369792927067412e-02,1.453471851538996329e-01,7.231591034371352700e-02,-3.613669176826539431e-01,-2.034794400284556659e-01,2.182297335179851361e-01,-1.628499843893909116e-01,-1.903634480133848672e-01,-3.695989320283485924e-01
0.000000000000000000e+00,-1.152131737842130993e-01,1.518675912479254542e-01,-2.047071955607183413e-01,6.706261835671656346e-02,1.409946647583065205e-01,6.901302262460298764e-02,-4.053925852843451860e-01,-5.767485174350225202e-02,2.055239298153740402e-01,-1.541404055297979914e-01,3.816010417300273738e-02,-5.820900212014963326e-01
0.000000000000000000e+00,-1.296413586908530258e-01,1.581768657052685656e-01,-2.033776766171293549e-01,7.178985401442727898e-02,1.487611548713475840e-01,8.955462038440789585e-02,-3.861893660907949055e-01,-9.119642156432458679e-02,1.990788068488810458e-01,-1.547810722436776532e-01,1.126669732560451609e-01,-7.048875048239898744e-01
0.000000000000000000e+00,-1.520287686774438041e-01,1.563560549592432347e-01,-2.077700976449920744e-01,8.320501294739042486e-02,1.639064503447965060e-01,7.688355650981494593e-02,-3.754417367161623220e-01,-1.489787657974272206e-01,2.062619763266026474e-01,-1.738150593125868393e-01,1.591811825698537519e-01,-6.930915296633273215e-01
0.000000000000000000e+00,-1.747899722863714977e-01,1.774365274185923103e-01,-2.142177185063243450e-01,7.211691146977390610e-02,1.836911866198726040e-01,7.144097793671877472e-02,-3.083280118899786038e-01,-1.616787977226423478e-01,2.148280038999900998e-01,-1.678618402355566697e-01,1.159861632529541609e-01,-3.435179564735648117e-01
0.000000000000000000e+00,-1.535901090922413281e-01,2.430957128207880402e-01,-1.903045429474351236e-01,6.837996823811827440e-02,2.056212106947598872e-01,9.679016355803823912e-02,-2.982398156995679228e-01,-2.016349783312496591e-01,2.602801969622025591e-01,-1.495355142775246782e-01,7.914956469801993910e-02,-2.513251980556212017e-01
0.000000000000000000e+00,-3.077099997864981076e-02,2.101324166662896786e-01,-1.702597186601898516e-01,7.688789802821738295e-02,2.520957275119314334e-01,1.047947885844150578e-01,-3.115695562909308047e-01,-2.166226184048378467e-01,3.103609857481018364e-01,-1.361170841093740924e-01,8.465258804222894340e-02,-1.921606647511984456e-01
0.000000000000000000e+00,4.285097720180859604e-02,1.842829670135066045e-01,-1.714797091474479507e-01,6.416104658411359019e-02,2.984069679332395642e-01,9.392728033564182177e-02,-3.079871799401180943e-01,-1.738924646871537749e-01,3.416101623026935319e-01,-1.428186708291570295e-01,9.225804745916572902e-02,-1.414997849419338538e-01
0.000000000000000000e+00,3.911231905918576002e-02,1.548731540417344066e-01,-1.585862624940166388e-01,6.061180736764989335e-02,3.055833039132590523e-01,8.835938479494054310e-02,-3.075716122171760492e-01,-2.286347913263244158e-01,3.894365018107979193e-01,-1.220056314005256715e-01,7.748936923249524766e-02,-1.694958185348204027e-01
0.000000000000000000e+00,5.708744092029359452e-02,1.375259115670789123e-01,-1.506537861156505287e-01,5.063280958019263783e-02,2.995100860368816731e-01,8.079158389959968656e-02,-2.798668207646843875e-01,-1.747166709515152738e-01,4.160988201128492658e-01,-1.279208725110809186e-01,8.023187599128693559e-02,-1.681025453988671814e-01
0.000000000000000000e+00,1.033436390783398079e-01,1.486918640254930590e-01,-1.424007814632989866e-01,3.088934670419293121e-02,3.118647470391684995e-01,6.387484447142426081e-02,-2.882478656923175842e-01,-2.550815718593266168e-01,4.661546009283356606e-01,-1.147213633579585029e-01,7.819612923504087876e-02,-1.723949720678145670e-01
0.000000000000000000e+00,1.875148448456513961e-01,1.377202278590957951e-01,-1.540261535050500563e-01,2.301543444422524468e-02,3.647353108513538555e-01,3.618756053113131310e-02,-2.856755967747294234e-01,-2.654987148105952821e-01,5.261173294868500827e-01,-1.223766303899144758e-01,4.653025108686777850e-02,-2.588440978683421712e-01
0.000000000000000000e+00,3.329929282723150807e-01,1.262792824044974560e-01,-1.176255266360601848e-01,1.242431715320428849e-02,4.037925483070956001e-01,3.719754415374173367e-02,-2.671985530622862370e-01,-3.016812078153064958e-01,5.879346713664369561e-01,-1.290346403138554199e-01,6.322689122082000845e-02,-2.888447326507935786e-01
0.000000000000000000e+00,4.684938958753603888e-01,9.532323093561419214e-02,-1.078931616307909486e-01,-1.810485125746083058e-04,3.566736811675915719e-01,1.532601207849586256e-02,-3.015007528293495720e-01,-3.156007224636516728e-01,6.743939516404485746e-01,-1.386608224301954240e-01,6.045354717013509682e-02,-3.784441069869218244e-01
0.000000000000000000e+00,4.886885123545670062e-01,8.877415791329738848e-02,-9.692983541647960666e-02,-6.144486942282213413e-03,3.575233456926428799e-01,9.216592118818874024e-03,-2.952207294934646176e-01,-3.595523038141349437e-01,7.069680905549984296e-01,-1.540546228637952042e-01,9.225373819322267577e-02,-4.445972638987638059e-01
0.000000000000000000e+00,6.396349733259157899e-01,6.632813425459987977e-02,-5.654631402061617573e-02,-1.241658292665700873e-02,7.331156361503502472e-01,-4.778453815737266795e-04,-3.024019938769343940e-01,-3.230580745992118197e-01,9.111332914965755148e-01,-1.349790333431479250e-01,1.397800234280859311e-01,-5.125797675135836950e-01
0.000000000000000000e+00,7.412982466278866811e-01,4.006653516222652422e-02,-4.765498388640671684e-02,-8.469343048608019356e-03,7.304664096486213065e-01,-2.353320149852375365e-02,-2.718656836146180478e-01,-4.270996160446590695e-01,9.668910328418294231e-01,-1.261061959840047986e-01,1.877857685569314650e-01,-6.471993330368140951e-01
0.000000000000000000e+00,8.712476126683930122e-01,1.899908734803254853e-02,-2.405700143740758731e-02,-8.756731141787994777e-03,6.560185252498690334e-01,-4.170527863821696379e-02,-2.295199564256687197e-01,-5.069875838813469038e-01,8.817154573315083566e-01,-1.593393839816169277e-01,2.460311232222254230e-01,-7.154255171103056643e-01
0.000000000000000000e+00,9.945589330210771184e-01,-5.454113882774852366e-03,-6.481028111563130918e-03,1.856071162093137243e-03,5.952295642145966070e-01,-2.443164527179596951e-02,-2.061143155625145551e-01,-4.522970448247430331e-01,8.745835316012280369e-01,-1.833679159838055295e-01,2.757017446757509260e-01,-7.196461768234029277e-01
0.000000000000000000e+00,1.057678390226422183e+00,-2.192598279626825283e-02,2.319845555132650852e-02,1.468126856734635645e-02,7.087057997752205241e-01,-3.053053365858263840e-02,-2.348071119292600706e-01,-3.522460280452544557e-01,7.482349947519898459e-01,-2.164109054689685174e-01,3.075372054848179437e-01,-6.894037349014716654e-01
0.000000000000000000e+00,1.104521158415605608e+00,-2.577152363142872285e-02,2.643484227860981584e-02,1.722218689574395167e-02,8.605347937865589492e-01,-3.343857314406858960e-02,-2.333369744254649436e-01,-3.663778522193373299e-01,6.414266946239089995e-01,-2.214653595860340274e-01,3.190184228877815942e-01,-7.013068857129125533e-01
0.000000000000000000e+00,1.136848476011320885e+00,-2.267188578911393665e-02,4.289055529492990376e-02,3.480608526923139462e-02,9.383222788853777807e-01,-2.354431592157929520e-02,-2.331769011092357513e-01,-3.981327236148423654e-01,6.276252881170246711e-01,-2.188451962309148069e-01,2.986144400266810828e-01,-6.555613236398520893e-01
0.000000000000000000e+00,1.144060284545417749e+00,-3.301524041741697724e-02,3.819774711072965873e-02,3.171494220359524080e-02,9.438918740276946995e-01,-4.148023846850414087e-02,-2.432759928804015814e-01,-4.361120922011729739e-01,6.321451462122565923e-01,-2.488634841007760223e-01,3.014439964764057400e-01,-6.065142010238703252e-01
0.000000000000000000e+00,1.213311118857258730e+00,-2.844666746838956164e-02,5.775567234656575621e-02,3.753226882824919203e-02,9.480910551694009536e-01,-4.483754835201258365e-02,-2.077575880334550096e-01,-4.458418043892061755e-01,6.640846437341880737e-01,-2.597054628093287132e-01,2.868105412022788347e-01,-5.829818883326153278e-01
0.000000000000000000e+00,1.278155927376048107e+00,-3.777859578094483473e-02,4.205211075937492771e-02,3.907870765726186024e-02,9.373482752704153098e-01,-5.451210180472693123e-02,-1.874246527919801453e-01,-4.324514243681674142e-01,6.775753640665457267e-01,-2.633118436263647277e-01,2.635997823821800701e-01,-5.423873783658957892e-01
0.000000000000000000e+00,1.332561293287847004e+00,-5.664210202526983456e-02,6.955079897978835857e-02,5.801843254941350947e-02,8.946832833992298672e-01,-6.035324981511321074e-02,-1.859392950805614231e-01,-4.625108272064046289e-01,7.697629999438685422e-01,-2.669529928734742930e-01,2.226239177870715513e-01,-4.983776055147480788e-01
0.000000000000000000e+00,1.394492093541377598e+00,-6.332801517465488916e-02,7.030907420361877380e-02,4.142818031383036642e-02,8.731715206379571104e-01,-6.689159880334452635e-02,-1.904269082077275077e-01,-5.051808083917794789e-01,8.225558281735695365e-01,-2.916960055376786043e-01,2.107052367645936009e-01,-4.685498149636749821e-01
0.000000000000000000e+00,1.416088153444508224e+00,-8.075040206210903904e-02,7.278333505898974820e-02,4.754020188418738024e-02,8.762407201385424838e-01,-7.617113608922682078e-02,-1.804701121620546356e-01,-4.837900356489253095e-01,8.156416686746006395e-01,-2.979802793957089802e-01,1.894433085306806430e-01,-4.429210391925901269e-01
0.000000000000000000e+00,1.415881170755197260e+00,-8.279602727615875679e-02,7.667240846898804030e-02,5.241086557540549501e-02,8.755149533167702058e-01,-9.480712525876645869e-02,-1.709472994348622543e-01,-4.488198227816957431e-01,8.512295149811733852e-01,-2.861740228859708246e-01,1.725740146398414554e-01,-4.073821017983210724e-01
0.000000000000000000e+00,1.406687552042649614e+00,-7.732786503296464053e-02,5.897611574660036049e-02,6.957343984561384365e-02,8.881140487197002331e-01,-1.154228547314562758e-01,-1.633473787589627413e-01,-4.681660223968379109e-01,8.728681829447404450e-01,-2.921664538301135816e-01,1.512419658854423643e-01,-3.741402684612447072e-01
